role_title,location
I will not promote. 10% Equity for non-tech cofounder.,Australia
"How do you really scale productivity platforms? ""i will not promote""",Australia
Does the speed of our hiring process impact the achievement of our growth targets following an investment round?,Australia
Product Management Jobs Report for March 2026,Australia
How do so many teams have access to use any AI tools they want?,Australia
Using AI in technical/platform product management,Australia
Anyone using agents for product operations or jira/slack/customer ticketing systems?,Australia
Why is every role at big Canadian banks now called a Product Manager?,Australia
Is the Cursor for PMs tool hype real?,Australia
Any PMs on the spectrum?,Australia
Product management at a bank,Australia
AI will kill Products before it kills Product Management. Prove me wrong!,Australia
What AI tool do you use most ? and for what use cases ?,Australia
What would u do as PM?,Australia
Product Management Jobs Report for December 2025,Australia
Product Management Jobs Report for November 2025,Australia
How important are tech skills for product managers in the world of AI?,Australia
A perspective from hiring Growth & Product Managers this year in B2B SaaS. (Perspective from the Company),Australia
"Reflection: The market around aspiring, unskilled, and laid-off PMs in 2025.",Australia
what are the qualities that make a good Product Manager?,Australia
how do you write PRDs in 2026?,Australia
Head of Product or Sr. Director of Product?,Australia
How to Learn to Scale as a VP,Australia
Steve Evans (Hasbro) Weighs in on Product Decision Making in era of Consumer Restaint,Australia
Stop Building AI Agents Just Because You Can,Australia
Got an unofficial better role with imposter syndrome as side effect,Australia
"PM without a strong tech background building AI products in a non-product org, making progress, but feeling stuck on execution. Seeking advice.",Australia
"How to deal with a ""kinda"" promotion",Australia
Staying Sane with Impossible Pace,Australia
"What should a head of product do during the ideation, design and development of a feature?",Australia
Is Product Management the most thankless job ever?,Australia
Fixing one problem at a time?,Australia
Two technical co-founders?,Australia
Technical Product Manager - Integrations @JustPark in Dallas,Australia
Product Manager,Oakleigh
Market Product Manager,Sydney NSW
Product Manager,North Sydney
Product Manager,Hawthorn
Product Manager,Perth WA
Senior Product Manager,Sydney NSW
Product Manager (On-site),Sydney NSW
Product Manager,Matraville
Product Manager,Clayton
Senior Product Manager,Brisbane QLD
Senior Product Manager,Melbourne VIC
Product Manager,Sydney NSW
Product Manager,Downer
Product Manager,Oakleigh
Market Product Manager,Sydney NSW
Product Manager (NBN & MVNO),Southport
"Product Manager (Wireless Cameras, Interactive Whiteboards & Pro AV Solutions)",Burwood East
Product Manager,Melbourne VIC
Product Manager - Sydney | High-Growth FinTech | Funds & Registry,Sydney NSW
Associate Director AI Product Management,Macquarie Park
Senior Product Manager,Barangaroo
Associate Director AI Product Management,Macquarie Park
Senior Product Manager,Sydney NSW
Product Manager,Sydney NSW
Senior Product Manager,Sydney NSW
Head of Product,Newstead
Head of Product - Media & Digital Platform,Sydney NSW
Head of Product,Melbourne VIC
Head of Product Marketing and GTM,Camberwell
Head of Product & Marketing,Sydney NSW
Head of Product Strategy & Proposition (11 Months),Parramatta
Education and Product Lead,Prahran
Product Manager- Digital Experience,Sydney NSW
Product Manager,Sydney NSW
Product Manager,Sydney NSW
Group Product Manager - Hawthorn East,Hawthorn
Product Manager,Sydney NSW
Product Manager,Sydney NSW
Technical Product Manager – Agentic AI (6-Month Contract),Sydney NSW
Product Manager- Flexible Packaging,Rosebery
"Engagement Manager, Engagement Leads & Product Manager",Canberra ACT
Senior Product Manager - Apps,Melbourne VIC
Product Manager - Commercial Fit Out,Brookvale NSW
Product Management Lead Specialist (Commercial),Melbourne VIC
Product Manager - Hybrid,Clayton VIC 3168
Product Manager,Canberra ACT
Product Manager,Barangaroo NSW 2000
Product Manager,Sydney NSW
"Director, Product Management",Sydney NSW
Growth Product Manager,Sydney NSW 2000
Digital Product Manager,Australia
Digital Product Manager,Australia
Senior Product Manager – Savings & Everyday Banking,Brisbane QLD
Senior Product Manager,Barangaroo NSW
"Associate Director, Product Management",Sydney NSW
Associate Director AI Product Management,Macquarie Park NSW 2113
Head of Product - Datascape,Sydney NSW 2000
Head of Product Marketing,Melbourne VIC
Head of Product Marketing,Melbourne VIC
Head of Product Growth,Sydney NSW
Product Manager,Sydney NSW
Senior Product Manager,Sydney NSW
Product Manager,Sydney NSW
Assistant Product Manager (6 Month Parental Leave Cover),Carole Park QLD 4300
Group Product Manager,Hawthorn East VIC 3123
Product Manager,Brisbane QLD
Product Manager- Digital Experience,Sydney NSW 2000
Technical Product Manager,Queensland
"Casualty Technical Product Lead, APAC",Docklands VIC 3008
